genome_id,record_id,products,start,end,core_start,core_end,knowncluster_hits,func_transport,func_regulatory,func_biosynthetic,func_biosynthetic_additional,func_other,Host,Genome type,Quality level,Completeness,Contamination,Quality score,Phylum (gtdb),Class (gtdb),Order (gtdb),Family (gtdb),Genus (gtdb),Species (gtdb),Root compartment,is_novel,score_novelty,score_product,score_quality,score_function,priority_score
CRBC_G4504,CRBC_G4504_7_length_651591_cov_46.557887,T2PKS;butyrolactone;NRPS;other;T1PKS,453134,605059,488134,490650,1,6,9,0,54,3,Wheat,Isolate,High-quality,99.89270386,0.572246066,97.0315,Actinobacteriota,Actinomycetia,Streptomycetales,Streptomycetaceae,Streptomyces,unknown,Rhizoplane and endosphere,0,2.0,2.0,3.0,15.9,22.9
CRBC_G4320,CRBC_G4320_11_length_338567_cov_47.705409,transAT-PKS;NRPS;T1PKS;RRE-containing,158974,338567,178974,202549,22,14,18,0,29,5,Wheat,Isolate,High-quality,99.51456311,4.842810911,75.3005,Actinobacteriota,Actinomycetia,Mycobacteriales,Pseudonocardiaceae,Lentzea,unknown,Rhizoplane and endosphere,0,0.0,2.0,3.0,16.8,21.8
CRBC_G1689,CRBC_G1689_2_length_1136745_cov_87.319751,NRPS;T1PKS;phosphonate;NRPS-like,616888,747390,636268,646279,0,11,5,0,36,2,Maize,Isolate,High-quality,99.02912621,1.282940361,92.6144,Actinobacteriota,Actinomycetia,Mycobacteriales,Pseudonocardiaceae,Lentzea,unknown,Rhizoplane and endosphere,1,3.0,2.0,3.0,13.100000000000001,21.1
CRBC_G1690,CRBC_G1690_2_length_1136745_cov_93.066906,T1PKS;NRPS;phosphonate;NRPS-like,616888,747390,636268,646279,0,11,5,0,36,2,Maize,Isolate,High-quality,99.02912621,1.282940361,92.6144,Actinobacteriota,Actinomycetia,Mycobacteriales,Pseudonocardiaceae,Lentzea,unknown,Rhizoplane and endosphere,1,3.0,2.0,3.0,13.100000000000001,21.1
CRBC_G1386,CRBC_G1386_1_length_1524104_cov_137.604875,T2PKS;T3PKS;terpene,803519,892869,838519,841011,0,12,11,0,25,5,Maize,Isolate,High-quality,99.05660377,1.603773585,91.0377,Actinobacteriota,Actinomycetia,Mycobacteriales,Mycobacteriaceae,Nocardia,unknown,Rhizoplane and endosphere,1,3.0,1.5,3.0,13.100000000000001,20.6
CRBC_G1183,CRBC_G1183_1_length_1136746_cov_60.816002,T1PKS;NRPS;phosphonate;NRPS-like,616888,747390,636268,646279,0,11,5,0,36,2,Maize,Isolate,Medium-quality (QS>50),89.32038835,0.554785021,86.5465,Actinobacteriota,Actinomycetia,Mycobacteriales,Pseudonocardiaceae,Lentzea,unknown,Rhizoplane and endosphere,1,3.0,2.0,2.0,13.100000000000001,20.1
CRBC_G1349,CRBC_G1349_1_length_1216509_cov_40.539950,NRPS;T1PKS,889656,1020162,909656,934359,0,4,11,0,33,1,Maize,Isolate,High-quality,99.47089947,3.250188964,83.22,Actinobacteriota,Actinomycetia,Streptosporangiales,Streptosporangiaceae,Nonomuraea,unknown,Rhizoplane and endosphere,1,3.0,2.0,3.0,11.5,19.5
CRBC_G1377,CRBC_G1377_11_length_268443_cov_56.270675,NRPS;NRPS-like;T2PKS,163239,268443,182067,214502,0,7,1,0,40,2,Maize,Isolate,High-quality,99.90249187,0.0,99.9025,Actinobacteriota,Actinomycetia,Streptomycetales,Streptomycetaceae,Streptomyces,unknown,Rhizoplane and endosphere,1,3.0,2.0,3.0,11.1,19.1
CRBC_G1368,CRBC_G1368_2_length_879056_cov_61.485965,NRPS;transAT-PKS;NRPS-like;PKS-like,628862,752542,648087,660344,0,9,7,0,25,3,Maize,Isolate,High-quality,100.0,0.0,100.0,Actinobacteriota,Actinomycetia,Streptomycetales,Streptomycetaceae,Streptomyces,Streptomyces sp002939385,Rhizoplane and endosphere,1,3.0,2.0,3.0,10.7,18.7
CRBC_G0850,CRBC_G0850_1_length_1524104_cov_93.234260,T3PKS;terpene;T2PKS,631235,720585,651235,652435,5,12,11,0,25,5,Maize,Isolate,High-quality,99.05660377,1.603773585,91.0377,Actinobacteriota,Actinomycetia,Mycobacteriales,Mycobacteriaceae,Nocardia,unknown,Rhizoplane and endosphere,0,1.0,1.5,3.0,13.100000000000001,18.6
CRBC_G1661,CRBC_G1661_17_length_264916_cov_74.423083,ladderane;NRPS;NRPS-like,148740,253919,168740,169937,0,4,10,0,29,0,Maize,Isolate,High-quality,99.51456311,3.224687933,83.3911,Actinobacteriota,Actinomycetia,Mycobacteriales,Pseudonocardiaceae,Lentzea,Lentzea alba,Rhizoplane and endosphere,1,3.0,2.0,3.0,10.4,18.4
CRBC_G0052,CRBC_G0052_1_length_3056642_cov_195.674650,betalactone;T2PKS,2095145,2196464,2105145,2117034,0,8,8,0,26,2,Alfalfa,Isolate,High-quality,99.22279793,0.518134715,96.6321,Actinobacteriota,Actinomycetia,Propionibacteriales,Nocardioidaceae,Nocardioides,unknown,Rhizoplane and endosphere,1,3.0,1.5,3.0,10.8,18.3
CRBC_G1459,CRBC_G1459_1_length_1136746_cov_47.425724,NRPS;NRPS-like;T1PKS;phosphonate,389356,519858,408529,411613,23,11,5,0,36,2,Maize,Isolate,High-quality,99.02912621,1.282940361,92.6144,Actinobacteriota,Actinomycetia,Mycobacteriales,Pseudonocardiaceae,Lentzea,unknown,Rhizoplane and endosphere,0,0.0,2.0,3.0,13.100000000000001,18.1
CRBC_G1182,CRBC_G1182_2_length_1136792_cov_71.373057,NRPS;NRPS-like;T1PKS;phosphonate,389402,519904,408575,411659,23,11,5,0,36,2,Maize,Isolate,High-quality,99.02912621,1.282940361,92.6144,Actinobacteriota,Actinomycetia,Mycobacteriales,Pseudonocardiaceae,Lentzea,unknown,Rhizoplane and endosphere,0,0.0,2.0,3.0,13.100000000000001,18.1
CRBC_G4352,CRBC_G4352_5_length_491842_cov_71.427023,NRPS,158105,255086,176386,193621,0,13,6,0,15,3,Wheat,Isolate,High-quality,99.31972789,2.441900205,87.1102,Actinobacteriota,Actinomycetia,Mycobacteriales,Mycobacteriaceae,Nocardia,Nocardia fusca,Rhizoplane and endosphere,1,3.0,2.0,3.0,10.0,18.0
CRBC_G6538,CRBC_G6538___k127_131615,NRPS;T1PKS;T3PKS;NRPS-like;terpene,36284,177323,56174,59399,87,5,14,0,36,3,Wheat,MAG,High-quality,94.83709273,4.754385965,71.0652,Actinobacteriota,Actinomycetia,Mycobacteriales,Micromonosporaceae,Actinoplanes,unknown,Rhizoplane and endosphere,0,0.0,2.0,2.5,13.4,17.9
CRBC_G6523,CRBC_G6523___k127_285996,NRPS;T1PKS;T3PKS;NRPS-like;terpene,126742,267212,146632,149857,87,5,14,0,36,3,Wheat,MAG,High-quality,93.86842105,4.912280702,69.307,Actinobacteriota,Actinomycetia,Mycobacteriales,Micromonosporaceae,Actinoplanes,unknown,Rhizoplane and endosphere,0,0.0,2.0,2.5,13.4,17.9
CRBC_G1216,CRBC_G1216_1_length_1234244_cov_92.750898,T2PKS,248648,321146,283648,286146,0,9,8,0,24,1,Maize,Isolate,High-quality,99.55974843,1.106918239,94.0252,Actinobacteriota,Actinomycetia,Mycobacteriales,Mycobacteriaceae,Nocardia,Nocardia asteroides,Rhizoplane and endosphere,1,3.0,1.0,3.0,10.8,17.8
CRBC_G0886,CRBC_G0886_24_length_136361_cov_48.286600,ladderane;T1PKS;T3PKS,8241,136361,28241,30497,239,10,5,0,37,1,Maize,Isolate,High-quality,100.0,1.26606198,93.6697,Actinobacteriota,Actinomycetia,Streptosporangiales,Streptosporangiaceae,Nonomuraea,unknown,Rhizoplane and endosphere,0,0.0,1.5,3.0,12.9,17.4
CRBC_G1690,CRBC_G1690_2_length_1136745_cov_93.066906,NRPS;ladderane;PKS-like;T1PKS,978122,1079826,997710,1009712,0,6,7,0,24,0,Maize,Isolate,High-quality,99.02912621,1.282940361,92.6144,Actinobacteriota,Actinomycetia,Mycobacteriales,Pseudonocardiaceae,Lentzea,unknown,Rhizoplane and endosphere,1,3.0,2.0,3.0,9.3,17.3
CRBC_G1689,CRBC_G1689_2_length_1136745_cov_87.319751,NRPS;ladderane;PKS-like;T1PKS,978122,1079826,997710,1009712,0,6,7,0,24,0,Maize,Isolate,High-quality,99.02912621,1.282940361,92.6144,Actinobacteriota,Actinomycetia,Mycobacteriales,Pseudonocardiaceae,Lentzea,unknown,Rhizoplane and endosphere,1,3.0,2.0,3.0,9.3,17.3
CRBC_G4037,CRBC_G4037_13_length_213743_cov_80.754477,T2PKS;hglE-KS;T1PKS;NRPS;lanthipeptide-class-i;lanthipeptide-class-ii,0,134005,4099,6609,137,10,9,0,28,2,Wheat,Isolate,High-quality,99.89270386,0.0,99.8927,Actinobacteriota,Actinomycetia,Streptomycetales,Streptomycetaceae,Streptomyces,Streptomyces albogriseolus,Rhizoplane and endosphere,0,0.0,2.0,3.0,12.3,17.3
CRBC_G1915,CRBC_G1915_1_length_636269_cov_29.544692,NRPS;T1PKS,159378,234624,179378,214624,0,13,2,0,16,1,Rice,Isolate,High-quality,100.0,0.0,100.0,Proteobacteria,Alphaproteobacteria,Rhizobiales,Rhizobiaceae,Rhizobium_A,unknown,Rhizoplane and endosphere,1,3.0,2.0,3.0,9.0,17.0
CRBC_G1182,CRBC_G1182_5_length_527957_cov_63.125201,NRPS;NRPS-like;T1PKS,313742,458729,332906,354442,0,7,5,0,23,2,Maize,Isolate,High-quality,99.02912621,1.282940361,92.6144,Actinobacteriota,Actinomycetia,Mycobacteriales,Pseudonocardiaceae,Lentzea,unknown,Rhizoplane and endosphere,1,3.0,2.0,3.0,8.900000000000002,16.900000000000002
CRBC_G6631,CRBC_G6631___k127_1015912,NRPS;T1PKS;T3PKS;NRPS-like;terpene,34327,175366,54217,57442,87,5,14,0,36,3,Wheat,MAG,Medium-quality (QS>50),97.40726817,6.236842105,66.2231,Actinobacteriota,Actinomycetia,Mycobacteriales,Micromonosporaceae,Actinoplanes,unknown,Rhizoplane and endosphere,0,0.0,2.0,1.5,13.4,16.9
CRBC_G2603,CRBC_G2603_1_length_822471_cov_145.647848,NRPS;T1PKS,523095,598708,543095,550142,0,14,1,0,14,0,Rice,Isolate,High-quality,99.57805907,0.105485232,99.0506,Proteobacteria,Alphaproteobacteria,Rhizobiales,Ancalomicrobiaceae,Prosthecomicrobium_A,unknown,Rhizoplane and endosphere,1,3.0,2.0,3.0,8.700000000000001,16.700000000000003
CRBC_G1787,CRBC_G1787_3_length_503412_cov_108.861367,NRPS;transAT-PKS;NRPS-like;PKS-like,253218,376898,272443,284700,3,9,7,0,25,3,Maize,Isolate,High-quality,100.0,0.0,100.0,Actinobacteriota,Actinomycetia,Streptomycetales,Streptomycetaceae,Streptomyces,Streptomyces sp002939385,Rhizoplane and endosphere,0,1.0,2.0,3.0,10.7,16.7
CRBC_G2348,CRBC_G2348_8_length_390869_cov_112.484989,NRPS-like;NRPS;T1PKS;LAP,235450,380226,255153,256944,194,9,13,0,21,3,Rice,Isolate,High-quality,100.0,1.842105263,90.7895,Actinobacteriota,Actinomycetia,Mycobacteriales,Micromonosporaceae,Micromonospora,Micromonospora echinofusca,Rhizoplane and endosphere,0,0.0,2.0,3.0,11.7,16.7
CRBC_G1369,CRBC_G1369_4_length_503409_cov_59.704207,NRPS;transAT-PKS;NRPS-like;PKS-like,253215,376895,272440,284697,3,9,7,0,25,3,Maize,Isolate,High-quality,100.0,0.0,100.0,Actinobacteriota,Actinomycetia,Streptomycetales,Streptomycetaceae,Streptomyces,Streptomyces sp002939385,Rhizoplane and endosphere,0,1.0,2.0,3.0,10.7,16.7
CRBC_G1786,CRBC_G1786_3_length_503413_cov_102.863469,NRPS;transAT-PKS;NRPS-like;PKS-like,253219,376899,272444,284701,3,9,7,0,25,3,Maize,Isolate,High-quality,100.0,0.0,100.0,Actinobacteriota,Actinomycetia,Streptomycetales,Streptomycetaceae,Streptomyces,Streptomyces sp002939385,Rhizoplane and endosphere,0,1.0,2.0,3.0,10.7,16.7
CRBC_G1803,CRBC_G1803_4_length_503414_cov_114.006417,NRPS;transAT-PKS;NRPS-like;PKS-like,253220,376900,272445,284702,3,9,7,0,25,3,Maize,Isolate,High-quality,100.0,0.0,100.0,Actinobacteriota,Actinomycetia,Streptomycetales,Streptomycetaceae,Streptomyces,Streptomyces sp002939385,Rhizoplane and endosphere,0,1.0,2.0,3.0,10.7,16.7
CRBC_G2643,CRBC_G2643_1_length_690706_cov_125.884468,NRPS;T1PKS;arylpolyene,433799,537510,453799,493112,0,8,5,0,20,4,Rice,Isolate,High-quality,100.0,0.583657588,97.0817,Proteobacteria,Alphaproteobacteria,Rhizobiales,Rhizobiaceae,Rhizobium_A,unknown,Rhizoplane and endosphere,1,3.0,2.0,3.0,8.7,16.7
CRBC_G1705,CRBC_G1705_1_length_1216509_cov_60.729578,T1PKS;NRPS,197301,326853,216347,253005,240,4,11,0,33,1,Maize,Isolate,High-quality,99.47089947,4.572940287,76.6062,Actinobacteriota,Actinomycetia,Streptosporangiales,Streptosporangiaceae,Nonomuraea,unknown,Rhizoplane and endosphere,0,0.0,2.0,3.0,11.5,16.5
CRBC_G1428,CRBC_G1428_1_length_1216509_cov_77.400502,T1PKS;NRPS,197301,326853,216347,253005,240,4,11,0,33,1,Maize,Isolate,High-quality,99.47089947,4.572940287,76.6062,Actinobacteriota,Actinomycetia,Streptosporangiales,Streptosporangiaceae,Nonomuraea,unknown,Rhizoplane and endosphere,0,0.0,2.0,3.0,11.5,16.5
CRBC_G0559,CRBC_G0559_7_length_351921_cov_100.820329,NRPS;T1PKS,127069,203424,147069,183424,0,9,5,0,16,1,Alfalfa,Isolate,High-quality,100.0,0.0,100.0,Proteobacteria,Alphaproteobacteria,Rhizobiales,Rhizobiaceae,Shinella,Shinella kummerowiae,Rhizoplane and endosphere,1,3.0,2.0,3.0,8.3,16.3
CRBC_G1183,CRBC_G1183_1_length_1136746_cov_60.816002,NRPS;ladderane;PKS-like;T1PKS,978122,1079826,997710,1009712,0,6,7,0,24,0,Maize,Isolate,Medium-quality (QS>50),89.32038835,0.554785021,86.5465,Actinobacteriota,Actinomycetia,Mycobacteriales,Pseudonocardiaceae,Lentzea,unknown,Rhizoplane and endosphere,1,3.0,2.0,2.0,9.3,16.3
CRBC_G4286,CRBC_G4286_18_length_157430_cov_52.328332,transAT-PKS;NRPS;PKS-like;ectoine,15405,157430,35405,76801,269,1,5,0,47,4,Wheat,Isolate,High-quality,100.0,0.0,100.0,Actinobacteriota,Actinomycetia,Streptomycetales,Streptomycetaceae,Streptomyces,Streptomyces albogriseolus,Rhizoplane and endosphere,0,0.0,2.0,3.0,11.3,16.3
CRBC_G0850,CRBC_G0850_2_length_1077303_cov_94.534212,NRPS;terpene,614350,778662,634099,701997,0,10,1,0,20,1,Maize,Isolate,High-quality,99.05660377,1.603773585,91.0377,Actinobacteriota,Actinomycetia,Mycobacteriales,Mycobacteriaceae,Nocardia,unknown,Rhizoplane and endosphere,1,3.0,2.0,3.0,8.3,16.3
CRBC_G0468,CRBC_G0468_7_length_351921_cov_70.446624,NRPS;T1PKS,127069,203424,147069,183424,0,9,5,0,16,1,Alfalfa,Isolate,High-quality,100.0,0.0,100.0,Proteobacteria,Alphaproteobacteria,Rhizobiales,Rhizobiaceae,Shinella,Shinella kummerowiae,Rhizoplane and endosphere,1,3.0,2.0,3.0,8.3,16.3
CRBC_G0079,CRBC_G0079_3_length_512241_cov_106.143169,NRPS;T1PKS,55361,131710,75361,111710,0,9,5,0,16,1,Alfalfa,Isolate,High-quality,100.0,0.0,100.0,Proteobacteria,Alphaproteobacteria,Rhizobiales,Rhizobiaceae,Shinella,Shinella kummerowiae,Rhizoplane and endosphere,1,3.0,2.0,3.0,8.3,16.3
CRBC_G0402,CRBC_G0402_2_length_693426_cov_215.630858,terpene;NRPS,244943,312416,254943,257091,0,9,4,0,17,0,Alfalfa,Isolate,High-quality,99.74093264,0.777202073,95.8549,Actinobacteriota,Actinomycetia,Propionibacteriales,Nocardioidaceae,Aeromicrobium,unknown,Rhizoplane and endosphere,1,3.0,2.0,3.0,8.2,16.2
CRBC_G0886,CRBC_G0886_1_length_1467345_cov_51.670881,NRPS;T1PKS,1065883,1172694,1085362,1110434,1,4,9,0,24,3,Maize,Isolate,High-quality,100.0,1.26606198,93.6697,Actinobacteriota,Actinomycetia,Streptosporangiales,Streptosporangiaceae,Nonomuraea,unknown,Rhizoplane and endosphere,0,2.0,2.0,3.0,9.100000000000001,16.1
CRBC_G4161,CRBC_G4161_18_length_150428_cov_88.349156,arylpolyene;other;NRPS-like;T1PKS;butyrolactone,24425,140103,44425,45568,21,4,5,0,40,1,Wheat,Isolate,High-quality,99.57746479,0.821596244,95.4695,Actinobacteriota,Actinomycetia,Streptomycetales,Streptomycetaceae,Streptomyces,Streptomyces sp001905665,Rhizoplane and endosphere,0,0.0,2.0,3.0,11.1,16.1
CRBC_G1672,CRBC_G1672_1_length_787035_cov_79.640254,other;NRPS;T1PKS,408092,522234,428092,434754,0,4,3,0,28,0,Maize,Isolate,High-quality,99.51456311,1.040221914,94.3135,Actinobacteriota,Actinomycetia,Mycobacteriales,Pseudonocardiaceae,Lentzea,unknown,Rhizoplane and endosphere,1,3.0,2.0,3.0,8.100000000000001,16.1
CRBC_G2111,CRBC_G2111_3_length_455687_cov_85.598938,NRPS;T1PKS,219078,294342,239078,274342,1,13,2,0,16,1,Rice,Isolate,High-quality,100.0,0.0,100.0,Proteobacteria,Alphaproteobacteria,Rhizobiales,Rhizobiaceae,Rhizobium_A,unknown,Rhizoplane and endosphere,0,2.0,2.0,3.0,9.0,16.0
CRBC_G1380,CRBC_G1380_24_length_100016_cov_153.587244,T1PKS;NRPS;resorcinol,4281,91836,24281,40127,0,6,8,0,16,1,Maize,Isolate,High-quality,100.0,1.912568306,90.4372,Actinobacteriota,Actinomycetia,Mycobacteriales,Micromonosporaceae,Glycomyces,unknown,Rhizoplane and endosphere,1,3.0,2.0,3.0,8.0,16.0
CRBC_G0005,CRBC_G0005_3_length_715945_cov_102.560253,NRPS-like,433155,475747,453155,455747,0,12,3,0,11,0,Alfalfa,Isolate,High-quality,99.61089494,0.012970169,99.546,Proteobacteria,Alphaproteobacteria,Rhizobiales,Rhizobiaceae,Shinella,unknown,Rhizoplane and endosphere,1,3.0,2.0,3.0,7.900000000000001,15.900000000000002
CRBC_G1088,CRBC_G1088_14_length_215735_cov_47.266923,linaridin;NRPS-like;NRPS;ladderane,104410,197393,114410,115043,3,8,3,0,29,0,Maize,Isolate,High-quality,99.89270386,0.0,99.8927,Actinobacteriota,Actinomycetia,Streptomycetales,Streptomycetaceae,Streptomyces,Streptomyces capitiformicae,Rhizoplane and endosphere,0,1.0,2.0,3.0,9.9,15.9
CRBC_G1093,CRBC_G1093_15_length_215507_cov_52.944423,linaridin;NRPS-like;NRPS;ladderane,104410,197165,114410,115043,3,8,3,0,29,0,Maize,Isolate,High-quality,99.89270386,0.0,99.8927,Actinobacteriota,Actinomycetia,Streptomycetales,Streptomycetaceae,Streptomyces,Streptomyces capitiformicae,Rhizoplane and endosphere,0,1.0,2.0,3.0,9.9,15.9
CRBC_G1368,CRBC_G1368_23_length_126254_cov_69.539139,T2PKS;PKS-like;RRE-containing;T1PKS,34976,126254,69976,72465,136,13,5,0,23,1,Maize,Isolate,High-quality,100.0,0.0,100.0,Actinobacteriota,Actinomycetia,Streptomycetales,Streptomycetaceae,Streptomyces,Streptomyces sp002939385,Rhizoplane and endosphere,0,0.0,1.5,3.0,11.3,15.8
CRBC_G4490,CRBC_G4490_5_length_285729_cov_73.393678,T2PKS;NRPS,206167,285729,241167,243665,120,10,6,0,25,1,Wheat,Isolate,High-quality,99.74842767,1.578616352,91.8553,Actinobacteriota,Actinomycetia,Mycobacteriales,Mycobacteriaceae,Nocardia,Nocardia rhizosphaerihabitans,Rhizoplane and endosphere,0,0.0,2.0,3.0,10.8,15.8
CRBC_G1770,CRBC_G1770_22_length_126410_cov_70.381943,T1PKS;PKS-like;T2PKS;RRE-containing,0,91278,11796,27420,136,13,5,0,23,1,Maize,Isolate,High-quality,100.0,0.0,100.0,Actinobacteriota,Actinomycetia,Streptomycetales,Streptomycetaceae,Streptomyces,Streptomyces sp002939385,Rhizoplane and endosphere,0,0.0,1.5,3.0,11.3,15.8
CRBC_G1803,CRBC_G1803_22_length_126410_cov_138.716519,T1PKS;PKS-like;T2PKS;RRE-containing,0,91278,11796,27420,136,13,5,0,23,1,Maize,Isolate,High-quality,100.0,0.0,100.0,Actinobacteriota,Actinomycetia,Streptomycetales,Streptomycetaceae,Streptomyces,Streptomyces sp002939385,Rhizoplane and endosphere,0,0.0,1.5,3.0,11.3,15.8
CRBC_G1808,CRBC_G1808_23_length_126410_cov_109.269399,T2PKS;PKS-like;RRE-containing;T1PKS,35132,126410,70132,72621,136,13,5,0,23,1,Maize,Isolate,High-quality,100.0,0.0,100.0,Actinobacteriota,Actinomycetia,Streptomycetales,Streptomycetaceae,Streptomyces,Streptomyces sp002939385,Rhizoplane and endosphere,0,0.0,1.5,3.0,11.3,15.8
CRBC_G1804,CRBC_G1804_25_length_126410_cov_129.052932,T1PKS;PKS-like;T2PKS;RRE-containing,0,91278,11796,27420,136,13,5,0,23,1,Maize,Isolate,High-quality,100.0,0.0,100.0,Actinobacteriota,Actinomycetia,Streptomycetales,Streptomycetaceae,Streptomyces,Streptomyces sp002939385,Rhizoplane and endosphere,0,0.0,1.5,3.0,11.3,15.8
CRBC_G0974,CRBC_G0974_2_length_799290_cov_97.203106,NRPS,621156,665611,641156,645611,0,8,5,0,15,1,Maize,Isolate,High-quality,99.90583804,0.684814244,96.4818,Proteobacteria,Alphaproteobacteria,Rhizobiales,Rhizobiaceae,Agrobacterium,Agrobacterium pusense,Rhizoplane and endosphere,1,3.0,2.0,3.0,7.7,15.7
CRBC_G2645,CRBC_G2645_2_length_496319_cov_134.870829,arylpolyene;NRPS;T1PKS,153196,256907,173196,174399,1,8,5,0,20,4,Rice,Isolate,High-quality,100.0,0.583657588,97.0817,Proteobacteria,Alphaproteobacteria,Rhizobiales,Rhizobiaceae,Rhizobium_A,unknown,Rhizoplane and endosphere,0,2.0,2.0,3.0,8.7,15.7
CRBC_G0973,CRBC_G0973_2_length_799290_cov_105.225305,NRPS,621156,665611,641156,645611,0,8,5,0,15,1,Maize,Isolate,High-quality,99.90583804,0.684814244,96.4818,Proteobacteria,Alphaproteobacteria,Rhizobiales,Rhizobiaceae,Agrobacterium,Agrobacterium pusense,Rhizoplane and endosphere,1,3.0,2.0,3.0,7.7,15.7
CRBC_G1242,CRBC_G1242_18_length_196499_cov_58.185636,T2PKS;thiopeptide;T1PKS;LAP;NRPS,0,134118,22082,24565,177,4,9,0,32,1,Maize,Isolate,High-quality,99.51456311,3.883495146,80.0971,Actinobacteriota,Actinomycetia,Mycobacteriales,Pseudonocardiaceae,Actinosynnema,unknown,Rhizoplane and endosphere,0,0.0,2.0,3.0,10.7,15.7
CRBC_G0950,CRBC_G0950_3_length_729726_cov_115.634010,T1PKS;NRPS,168456,261253,187954,194287,0,2,5,0,27,2,Maize,Isolate,High-quality,99.85849057,1.698113208,91.3679,Actinobacteriota,Actinomycetia,Mycobacteriales,Mycobacteriaceae,Mycobacterium,unknown,Rhizoplane and endosphere,1,3.0,2.0,3.0,7.7,15.7
CRBC_G2637,CRBC_G2637_1_length_607917_cov_134.821520,arylpolyene;NRPS;T1PKS,153196,256907,173196,174399,1,8,5,0,20,4,Rice,Isolate,High-quality,100.0,0.583657588,97.0817,Proteobacteria,Alphaproteobacteria,Rhizobiales,Rhizobiaceae,Rhizobium_A,unknown,Rhizoplane and endosphere,0,2.0,2.0,3.0,8.7,15.7
CRBC_G0975,CRBC_G0975_2_length_799290_cov_107.457294,NRPS,621156,665611,641156,645611,0,8,5,0,15,1,Maize,Isolate,High-quality,99.90583804,0.684814244,96.4818,Proteobacteria,Alphaproteobacteria,Rhizobiales,Rhizobiaceae,Agrobacterium,Agrobacterium pusense,Rhizoplane and endosphere,1,3.0,2.0,3.0,7.7,15.7
CRBC_G3946,CRBC_G3946_2_length_887159_cov_121.312133,NRPS,522548,567003,542548,547003,0,8,5,0,15,1,Wheat,Isolate,High-quality,99.62335217,0.282485876,98.2109,Proteobacteria,Alphaproteobacteria,Rhizobiales,Rhizobiaceae,Agrobacterium,Agrobacterium pusense,Rhizoplane and endosphere,1,3.0,2.0,3.0,7.7,15.7
CRBC_G1807,CRBC_G1807_4_length_503412_cov_81.898960,PKS-like;transAT-PKS;NRPS-like;NRPS,126514,250969,146514,147783,47,9,7,0,25,3,Maize,Isolate,High-quality,100.0,0.0,100.0,Actinobacteriota,Actinomycetia,Streptomycetales,Streptomycetaceae,Streptomyces,Streptomyces sp002939385,Rhizoplane and endosphere,0,0.0,2.0,3.0,10.7,15.7
CRBC_G1467,CRBC_G1467_1_length_3565663_cov_65.158474,T1PKS;NRPS,866294,959091,885792,892125,0,2,5,0,27,2,Maize,Isolate,High-quality,99.85849057,1.509433962,92.3113,Actinobacteriota,Actinomycetia,Mycobacteriales,Mycobacteriaceae,Mycobacterium,unknown,Rhizoplane and endosphere,1,3.0,2.0,3.0,7.7,15.7
CRBC_G1808,CRBC_G1808_2_length_503417_cov_86.609280,PKS-like;transAT-PKS;NRPS-like;NRPS,126514,250969,146514,147783,47,9,7,0,25,3,Maize,Isolate,High-quality,100.0,0.0,100.0,Actinobacteriota,Actinomycetia,Streptomycetales,Streptomycetaceae,Streptomyces,Streptomyces sp002939385,Rhizoplane and endosphere,0,0.0,2.0,3.0,10.7,15.7
CRBC_G1771,CRBC_G1771_8_length_295215_cov_99.545111,NRPS;transAT-PKS;NRPS-like;PKS-like,45021,168701,64246,76503,47,9,7,0,25,3,Maize,Isolate,High-quality,100.0,0.0,100.0,Actinobacteriota,Actinomycetia,Streptomycetales,Streptomycetaceae,Streptomyces,Streptomyces sp002939385,Rhizoplane and endosphere,0,0.0,2.0,3.0,10.7,15.7
CRBC_G1770,CRBC_G1770_3_length_503417_cov_71.151224,PKS-like;transAT-PKS;NRPS-like;NRPS,126514,250969,146514,147783,47,9,7,0,25,3,Maize,Isolate,High-quality,100.0,0.0,100.0,Actinobacteriota,Actinomycetia,Streptomycetales,Streptomycetaceae,Streptomyces,Streptomyces sp002939385,Rhizoplane and endosphere,0,0.0,2.0,3.0,10.7,15.7
CRBC_G0838,CRBC_G0838_1_length_1434095_cov_76.956867,T1PKS;NRPS,468473,561772,486788,491075,0,2,5,0,27,2,Maize,Isolate,High-quality,99.85849057,1.698113208,91.3679,Actinobacteriota,Actinomycetia,Mycobacteriales,Mycobacteriaceae,Mycobacterium,unknown,Rhizoplane and endosphere,1,3.0,2.0,3.0,7.7,15.7
CRBC_G1804,CRBC_G1804_13_length_274070_cov_105.699430,PKS-like;transAT-PKS;NRPS-like;NRPS,126514,250969,146514,147783,47,9,7,0,25,3,Maize,Isolate,High-quality,100.0,0.0,100.0,Actinobacteriota,Actinomycetia,Streptomycetales,Streptomycetaceae,Streptomyces,Streptomyces sp002939385,Rhizoplane and endosphere,0,0.0,2.0,3.0,10.7,15.7
CRBC_G2984,CRBC_G2984_3_length_605924_cov_84.596535,NAPAA;NRPS,189907,271193,204907,208900,0,6,8,0,14,0,Rice,Isolate,High-quality,99.6835443,0.949367089,94.9367,Proteobacteria,Alphaproteobacteria,Rhizobiales,Xanthobacteraceae,Aquabacter,unknown,Rhizoplane and endosphere,1,3.0,2.0,3.0,7.600000000000001,15.600000000000001
CRBC_G2264,CRBC_G2264_2_length_683702_cov_102.396640,T3PKS;NRPS,287901,382556,307901,309056,1,10,5,0,15,2,Rice,Isolate,High-quality,99.50980392,0.328431373,97.8676,Firmicutes,Bacilli,Paenibacillales,Paenibacillaceae,Paenibacillus,Paenibacillus urinalis,Rhizoplane and endosphere,0,2.0,2.0,3.0,8.5,15.5
CRBC_G1169,CRBC_G1169_8_length_442462_cov_63.769705,T2PKS;PKS-like;RRE-containing,218076,302037,253076,255556,2,2,7,0,32,1,Maize,Isolate,High-quality,99.02912621,1.525658807,91.4008,Actinobacteriota,Actinomycetia,Mycobacteriales,Pseudonocardiaceae,Lentzea,unknown,Rhizoplane and endosphere,0,2.0,1.2,3.0,9.3,15.5
CRBC_G2246,CRBC_G2246_2_length_653356_cov_69.464117,NRPS,572351,645105,592351,625105,0,13,1,0,10,1,Rice,Isolate,High-quality,99.68820862,0.595238095,96.712,Proteobacteria,Alphaproteobacteria,Rhizobiales,Xanthobacteraceae,Bradyrhizobium,unknown,Rhizoplane and endosphere,1,3.0,2.0,3.0,7.5,15.5
CRBC_G1077,CRBC_G1077_5_length_468026_cov_62.179930,T2PKS;PKS-like;RRE-containing,186700,272901,221700,224180,2,2,9,0,29,1,Maize,Isolate,High-quality,99.51456311,1.040221914,94.3135,Actinobacteriota,Actinomycetia,Mycobacteriales,Pseudonocardiaceae,Lentzea,unknown,Rhizoplane and endosphere,0,2.0,1.2,3.0,9.3,15.5
CRBC_G1015,CRBC_G1015_6_length_468278_cov_54.407116,T2PKS;PKS-like;RRE-containing,186700,272901,221700,224180,2,2,9,0,29,1,Maize,Isolate,High-quality,99.51456311,1.040221914,94.3135,Actinobacteriota,Actinomycetia,Mycobacteriales,Pseudonocardiaceae,Lentzea,unknown,Rhizoplane and endosphere,0,2.0,1.2,3.0,9.3,15.5
CRBC_G1222,CRBC_G1222_1_length_3965590_cov_191.678009,T3PKS,2002310,2043372,2022310,2023372,0,11,5,0,10,1,Maize,Isolate,High-quality,99.50819672,0.147996357,98.7682,Proteobacteria,Alphaproteobacteria,Rhizobiales,Rhizobiaceae,,unknown,Rhizoplane and endosphere,1,3.0,1.5,3.0,7.9,15.4
CRBC_G1106,CRBC_G1106_19_length_216313_cov_68.591765,ladderane;NRPS;NRPS-like,100281,205605,120281,121478,17,4,10,0,29,0,Maize,Isolate,High-quality,99.51456311,2.73925104,85.8183,Actinobacteriota,Actinomycetia,Mycobacteriales,Pseudonocardiaceae,Lentzea,Lentzea alba,Rhizoplane and endosphere,0,0.0,2.0,3.0,10.4,15.4
CRBC_G0008,CRBC_G0008_1_length_1838086_cov_93.063735,T1PKS;NRPS;betalactone,639460,710175,659460,667419,2,9,4,0,18,0,Alfalfa,Isolate,High-quality,99.37304075,1.724137931,90.7524,Proteobacteria,Alphaproteobacteria,Rhizobiales,Beijerinckiaceae,Bosea,unknown,Rhizoplane and endosphere,0,2.0,2.0,3.0,8.4,15.4
CRBC_G1683,CRBC_G1683_3_length_709391_cov_88.592020,NRPS;terpene,173487,297113,193275,230695,1,6,7,0,19,1,Maize,Isolate,High-quality,99.74842767,1.106918239,94.2138,Actinobacteriota,Actinomycetia,Mycobacteriales,Mycobacteriaceae,Nocardia,Nocardia rhizosphaerihabitans,Rhizoplane and endosphere,0,2.0,2.0,3.0,8.3,15.3
CRBC_G1489,CRBC_G1489_2_length_795594_cov_53.270698,NRPS;terpene,259713,383339,279501,316921,1,6,7,0,19,1,Maize,Isolate,High-quality,99.74842767,1.106918239,94.2138,Actinobacteriota,Actinomycetia,Mycobacteriales,Mycobacteriaceae,Nocardia,Nocardia rhizosphaerihabitans,Rhizoplane and endosphere,0,2.0,2.0,3.0,8.3,15.3
CRBC_G1265,CRBC_G1265_2_length_729123_cov_118.351048,NRPS;terpene,173690,297285,193477,230896,1,6,7,0,19,1,Maize,Isolate,High-quality,99.74842767,1.295597484,93.2704,Actinobacteriota,Actinomycetia,Mycobacteriales,Mycobacteriaceae,Nocardia,Nocardia rhizosphaerihabitans,Rhizoplane and endosphere,0,2.0,2.0,3.0,8.3,15.3
CRBC_G1723,CRBC_G1723_4_length_720823_cov_95.165190,NRPS;terpene,186695,310356,206482,243901,1,6,7,0,19,1,Maize,Isolate,High-quality,99.74842767,1.578616352,91.8553,Actinobacteriota,Actinomycetia,Mycobacteriales,Mycobacteriaceae,Nocardia,Nocardia rhizosphaerihabitans,Rhizoplane and endosphere,0,2.0,2.0,3.0,8.3,15.3
CRBC_G1548,CRBC_G1548_6_length_173530_cov_246.034119,lanthipeptide-class-v;NRPS,0,81149,12847,14695,1,10,7,0,11,1,Maize,Isolate,High-quality,99.81273408,0.056179775,99.5318,Firmicutes,Bacilli,Staphylococcales,Staphylococcaceae,Staphylococcus,Staphylococcus capitis,Rhizoplane and endosphere,0,2.0,2.0,3.0,8.3,15.3
CRBC_G1212,CRBC_G1212_4_length_795617_cov_144.685337,NRPS;terpene,259713,383339,279501,316921,1,6,7,0,19,1,Maize,Isolate,High-quality,99.74842767,1.106918239,94.2138,Actinobacteriota,Actinomycetia,Mycobacteriales,Mycobacteriaceae,Nocardia,Nocardia rhizosphaerihabitans,Rhizoplane and endosphere,0,2.0,2.0,3.0,8.3,15.3
CRBC_G3427,CRBC_G3427_3_length_444387_cov_75.848196,NRPS,374181,428065,394181,408065,1,12,6,0,8,1,Wheat,Isolate,High-quality,100.0,0.263157895,98.6842,Actinobacteriota,Actinomycetia,Streptomycetales,Streptomycetaceae,Kitasatospora,unknown,Rhizoplane and endosphere,0,2.0,2.0,3.0,8.200000000000001,15.200000000000001
CRBC_G1662,CRBC_G1662_5_length_361664_cov_61.387981,betalactone;terpene;other;ladderane,161512,266968,171512,181352,4,8,5,0,25,4,Maize,Isolate,High-quality,98.94736842,0.526315789,96.3158,Actinobacteriota,Actinomycetia,Streptomycetales,Streptomycetaceae,,unknown,Rhizoplane and endosphere,0,1.0,1.5,3.0,9.7,15.2
CRBC_G4037,CRBC_G4037_17_length_136110_cov_76.228268,transAT-PKS;NRPS;PKS-like;ectoine,0,136110,13630,55299,263,0,4,0,45,4,Wheat,Isolate,High-quality,99.89270386,0.0,99.8927,Actinobacteriota,Actinomycetia,Streptomycetales,Streptomycetaceae,Streptomyces,Streptomyces albogriseolus,Rhizoplane and endosphere,0,0.0,2.0,3.0,10.2,15.2
CRBC_G1585,CRBC_G1585_4_length_760405_cov_108.907886,T2PKS,633514,706066,668514,671066,0,1,12,0,21,3,Maize,Isolate,High-quality,99.8415493,0.352112676,98.081,Actinobacteriota,Actinomycetia,Streptomycetales,Streptomycetaceae,Streptomyces,unknown,Rhizoplane and endosphere,1,3.0,1.0,3.0,8.2,15.2
CRBC_G2163,CRBC_G2163_2_length_625184_cov_141.731830,NRPS,263735,331590,283735,311590,0,6,5,0,16,0,Rice,Isolate,High-quality,99.34210526,1.096491228,93.8596,Firmicutes,Bacilli,Bacillales_B,Bacillaceae_B,Rossellomorea,Rossellomorea marisflavi,Rhizoplane and endosphere,1,3.0,2.0,3.0,7.1000000000000005,15.100000000000001
CRBC_G0257,CRBC_G0257_1_length_704861_cov_76.560682,NRPS,319203,385109,338397,365759,0,5,7,0,15,1,Alfalfa,Isolate,High-quality,100.0,0.521570849,97.3921,Proteobacteria,Gammaproteobacteria,Pseudomonadales,Pseudomonadaceae,Pseudomonas_E,Pseudomonas_E sp900156465,Rhizoplane and endosphere,1,3.0,2.0,3.0,7.1,15.1
CRBC_G0551,CRBC_G0551_3_length_812583_cov_82.015418,NRPS;terpene,259785,383569,279563,316983,1,6,7,0,18,1,Alfalfa,Isolate,High-quality,99.74842767,1.48427673,92.327,Actinobacteriota,Actinomycetia,Mycobacteriales,Mycobacteriaceae,Nocardia,Nocardia rhizosphaerihabitans,Rhizoplane and endosphere,0,2.0,2.0,3.0,8.1,15.1
CRBC_G1554,CRBC_G1554_2_length_794133_cov_107.644787,NRPS;terpene,259691,383254,279470,316889,1,6,7,0,18,1,Maize,Isolate,High-quality,99.74842767,1.295597484,93.2704,Actinobacteriota,Actinomycetia,Mycobacteriales,Mycobacteriaceae,Nocardia,Nocardia rhizosphaerihabitans,Rhizoplane and endosphere,0,2.0,2.0,3.0,8.1,15.1
CRBC_G1690,CRBC_G1690_2_length_1136745_cov_93.066906,T1PKS;NRPS-like,283272,453607,302642,434345,0,5,5,0,18,1,Maize,Isolate,High-quality,99.02912621,1.282940361,92.6144,Actinobacteriota,Actinomycetia,Mycobacteriales,Pseudonocardiaceae,Lentzea,unknown,Rhizoplane and endosphere,1,3.0,2.0,3.0,7.1,15.1
CRBC_G0032,CRBC_G0032_1_length_704861_cov_110.928655,NRPS,319203,385109,338397,365759,0,5,7,0,15,1,Alfalfa,Isolate,High-quality,100.0,0.521570849,97.3921,Proteobacteria,Gammaproteobacteria,Pseudomonadales,Pseudomonadaceae,Pseudomonas_E,Pseudomonas_E sp900156465,Rhizoplane and endosphere,1,3.0,2.0,3.0,7.1,15.1
CRBC_G0248,CRBC_G0248_1_length_704861_cov_72.556877,NRPS,319203,385109,338397,365759,0,5,7,0,15,1,Alfalfa,Isolate,High-quality,100.0,0.521570849,97.3921,Proteobacteria,Gammaproteobacteria,Pseudomonadales,Pseudomonadaceae,Pseudomonas_E,Pseudomonas_E sp900156465,Rhizoplane and endosphere,1,3.0,2.0,3.0,7.1,15.1
CRBC_G0220,CRBC_G0220_1_length_704861_cov_104.595479,NRPS,319203,385109,338397,365759,0,5,7,0,15,1,Alfalfa,Isolate,High-quality,100.0,0.521570849,97.3921,Proteobacteria,Gammaproteobacteria,Pseudomonadales,Pseudomonadaceae,Pseudomonas_E,Pseudomonas_E sp900156465,Rhizoplane and endosphere,1,3.0,2.0,3.0,7.1,15.1
CRBC_G2603,CRBC_G2603_5_length_413332_cov_134.402497,NRPS;T1PKS;RiPP-like,113489,214477,132776,145046,0,10,1,0,14,3,Rice,Isolate,High-quality,99.57805907,0.105485232,99.0506,Proteobacteria,Alphaproteobacteria,Rhizobiales,Ancalomicrobiaceae,Prosthecomicrobium_A,unknown,Rhizoplane and endosphere,1,3.0,2.0,3.0,7.1,15.1
CRBC_G1689,CRBC_G1689_2_length_1136745_cov_87.319751,T1PKS;NRPS-like,283272,453607,302642,434345,0,5,5,0,18,1,Maize,Isolate,High-quality,99.02912621,1.282940361,92.6144,Actinobacteriota,Actinomycetia,Mycobacteriales,Pseudonocardiaceae,Lentzea,unknown,Rhizoplane and endosphere,1,3.0,2.0,3.0,7.1,15.1
CRBC_G0132,CRBC_G0132_1_length_704861_cov_70.858772,NRPS,319203,385109,338397,365759,0,5,7,0,15,1,Alfalfa,Isolate,High-quality,100.0,0.521570849,97.3921,Proteobacteria,Gammaproteobacteria,Pseudomonadales,Pseudomonadaceae,Pseudomonas_E,Pseudomonas_E sp900156465,Rhizoplane and endosphere,1,3.0,2.0,3.0,7.1,15.1
