products,n_bgc
terpene,7531
NRPS,5172
RiPP-like,4277
NRPS-like,2736
arylpolyene,2398
T3PKS,2274
siderophore,2163
betalactone,1974
T1PKS,1959
redox-cofactor,1715
hserlactone,1635
RRE-containing,1337
NAPAA,1155
thioamitides,655
lassopeptide,606
ectoine,521
resorcinol,474
NRPS;T1PKS,472
acyl_amino_acids,465
lanthipeptide-class-i,344
T1PKS;NRPS,343
phosphonate,312
butyrolactone,286
NAGGN,286
ranthipeptide,246
lanthipeptide-class-ii,238
hglE-KS,220
transAT-PKS-like,201
lanthipeptide-class-iii,199
T1PKS;NRPS-like,183
arylpolyene;resorcinol,180
NRPS-like;T1PKS,165
indole,159
resorcinol;arylpolyene,159
other,157
proteusin,154
LAP,149
lanthipeptide-class-v,144
ladderane,140
T2PKS,138
LAP;RiPP-like,127
lanthipeptide-class-iv,124
cyclic-lactone-autoinducer,121
NRPS;NRPS-like,118
thiopeptide,112
microviridin,97
NRPS-like;NRPS,95
melanin,89
T3PKS;terpene,86
NRPS-like;betalactone,85
hglE-KS;T1PKS,78
phenazine,74
PKS-like,72
T1PKS;NRPS-like;NRPS,72
T1PKS;hglE-KS,67
lassopeptide;hserlactone,65
linaridin,64
NRPS;betalactone,61
hserlactone;lassopeptide,60
betalactone;terpene,59
NRPS;RiPP-like,58
thiopeptide;thioamitides,57
oligosaccharide,56
thiopeptide;LAP,54
furan,49
CDPS,43
terpene;betalactone,42
NRPS;T1PKS;NRPS-like,41
transAT-PKS,40
NRPS-like;NAGGN,38
NRPS;NRPS-like;T1PKS,37
T3PKS;betalactone,36
lassopeptide;RRE-containing,33
NRPS;terpene,32
nucleoside,30
thioamide-NRP,30
PKS-like;butyrolactone,29
RiPP-like;NRPS,28
ladderane;arylpolyene,26
hserlactone;butyrolactone,26
betalactone;T3PKS,25
betalactone;NRPS-like,23
transAT-PKS;NRPS,23
LAP;thiopeptide,23
T1PKS;NRPS;NRPS-like,22
acyl_amino_acids;RiPP-like,22
NRPS-like;NRPS;T1PKS,21
RRE-containing;lassopeptide,20
RRE-containing;RiPP-like,20
cyanobactin,19
NRPS-like;T1PKS;NRPS,18
siderophore;terpene,18
terpene;T3PKS,17
acyl_amino_acids;hserlactone,16
T3PKS;NRPS-like,15
terpene;butyrolactone,15
transAT-PKS;NRPS;PKS-like,14
betalactone;NRPS,14
thiopeptide;RiPP-like,14
NRPS;hserlactone,13
NRPS;transAT-PKS,13
transAT-PKS-like;NRPS,13
NRPS-like;butyrolactone,12
NRPS-like;resorcinol,12
T1PKS;T3PKS,11
NRPS-like;terpene,11
terpene;T1PKS;butyrolactone,11
PKS-like;T1PKS,11
amglyccycl,11
NRPS;ranthipeptide,11
NRPS-like;T1PKS;butyrolactone,10
NRPS;siderophore,10
terpene;NRPS-like,10
terpene;RiPP-like,10
terpene;siderophore,10
RiPP-like;lanthipeptide-class-iii,10
thioamitides;thiopeptide,10
arylpolyene;ladderane,10
hglE-KS;lanthipeptide-class-i,10
T1PKS;PKS-like,9
resorcinol;NRPS-like,9
NRPS;ectoine,9
NRPS;T1PKS;hserlactone,9
transAT-PKS;PKS-like,9
T1PKS;terpene,9
T3PKS;T1PKS,8
T2PKS;PKS-like;RRE-containing,8
NRPS;indole,8
T1PKS;PKS-like;NRPS,8
NRPS-like;T3PKS,8
NRPS;NAPAA,8
thiopeptide;LAP;RiPP-like,8
phosphonate;terpene,8
NRPS;siderophore;PKS-like,8
T1PKS;butyrolactone;terpene,7
T3PKS;NAGGN,7
hserlactone;terpene,7
NAGGN;RiPP-like,7
phosphonate;butyrolactone,7
RRE-containing;lanthipeptide-class-v,7
RRE-containing;terpene,7
NRPS-like;RiPP-like,7
NRPS-like;RRE-containing,7
T3PKS;guanidinotides,7
NRPS;transAT-PKS-like,7
T3PKS;siderophore,7
NRPS;ranthipeptide;RiPP-like,7
transAT-PKS;PKS-like;T3PKS,7
blactam,6
NAGGN;NRPS-like,6
lanthipeptide-class-ii;cyclic-lactone-autoinducer,6
RiPP-like;NRPS;ranthipeptide,6
RiPP-like;terpene,6
other;terpene,6
PKS-like;NRPS-like;terpene,6
NRPS-like;NRPS;terpene,6
NRPS;PKS-like,6
T1PKS;transAT-PKS-like,6
arylpolyene;NRPS,6
T2PKS;PKS-like;thiopeptide;LAP,6
T2PKS;PKS-like,6
thioamide-NRP;NRPS,6
NRPS;transAT-PKS;NRPS-like;PKS-like,6
T1PKS;butyrolactone,6
NRPS-like;T1PKS;oligosaccharide,6
NRPS;arylpolyene,6
NRPS-like;transAT-PKS,6
NRPS;RRE-containing,5
hserlactone;NRPS,5
cyclic-lactone-autoinducer;LAP;thiopeptide,5
T2PKS;terpene,5
transAT-PKS-like;butyrolactone,5
T1PKS;NRPS;hglE-KS,5
hglE-KS;T1PKS;lanthipeptide-class-i,5
siderophore;hserlactone,5
ranthipeptide;NRPS,5
ranthipeptide;RiPP-like,5
lanthipeptide-class-v;thioamitides,5
T1PKS;NRPS;siderophore,5
T1PKS;indole,5
T3PKS;NRPS,5
lassopeptide;siderophore,5
T1PKS;NRPS-like;butyrolactone,5
T1PKS;acyl_amino_acids;NRPS;NRPS-like;hserlactone,5
hglE-KS;NRPS;T1PKS,4
NRPS;lanthipeptide-class-i,4
NRPS-like;phenazine,4
arylpolyene;siderophore,4
NRPS;T1PKS;RiPP-like,4
transAT-PKS;NRPS-like,4
transAT-PKS;NRPS-like;PKS-like;T3PKS,4
NAPAA;oligosaccharide,4
NRPS-like;hserlactone,4
NRPS;T1PKS;transAT-PKS,4
arylpolyene;terpene,4
cyclic-lactone-autoinducer;lanthipeptide-class-ii,4
NAPAA;lanthipeptide-class-iv,4
siderophore;NRPS,4
NRPS;lanthipeptide-class-ii,4
other;oligosaccharide,4
indole;linaridin,4
T1PKS;PKS-like;RRE-containing,4
proteusin;LAP,4
ladderane;arylpolyene;NRPS,4
PKS-like;NRPS,4
NRPS-like;PKS-like;terpene,4
RRE-containing;T1PKS;PKS-like,4
other;NRPS;T1PKS,4
other;T1PKS,4
PKS-like;transAT-PKS;NRPS-like;NRPS,4
PKS-like;NRPS;NRPS-like,4
PKS-like;transAT-PKS-like,4
LAP;thiopeptide;cyclic-lactone-autoinducer,4
transAT-PKS;NRPS;T1PKS;RRE-containing,3
LAP;proteusin,3
LAP;T1PKS,3
LAP;RiPP-like;RRE-containing,3
NAPAA;betalactone,3
arylpolyene;RiPP-like,3
arylpolyene;T3PKS,3
LAP;thiopeptide;RiPP-like,3
NRPS;T1PKS;T3PKS;NRPS-like;terpene,3
other;siderophore,3
thioamitides;RiPP-like,3
RiPP-like;NAGGN,3
RRE-containing;arylpolyene,3
lanthipeptide-class-ii;melanin,3
T1PKS;NRPS;indole,3
NRPS-like;NRPS;arylpolyene,3
PKS-like;transAT-PKS;NRPS,3
lipolanthine;lanthipeptide-class-iii,3
linaridin;indole,3
RRE-containing;lanthipeptide-class-iii,3
lanthipeptide-class-v;RRE-containing,3
lanthipeptide-class-iii;RiPP-like,3
PKS-like;NRPS-like,3
lanthipeptide-class-iv;NAPAA,3
other;T1PKS;butyrolactone,3
PKS-like;NRPS-like;transAT-PKS;NRPS,3
transAT-PKS;NRPS-like;NRPS,3
thioamide-NRP;NAPAA,3
transAT-PKS;NRPS;T3PKS,3
terpene;phosphonate,3
NRPS;NRPS-like;terpene,3
transAT-PKS;T3PKS;PKS-like,3
NRPS;T3PKS,3
betalactone;RiPP-like,3
betalactone;NAPAA,3
T3PKS;RiPP-like,3
T3PKS;RiPP-like;siderophore,3
T3PKS;arylpolyene,3
ectoine;butyrolactone,3
ectoine;terpene,3
NRPS-like;lanthipeptide-class-v,3
NRPS-like;thioamitides,3
NRPS-like;siderophore,3
NRPS;other;betalactone,3
NRPS;PKS-like;siderophore,3
ectoine;NRPS-like,3
terpene;hserlactone,3
T3PKS;thiopeptide;LAP,3
T2PKS;RRE-containing,3
sactipeptide,3
hserlactone;siderophore,3
NRPS-like;arylpolyene,3
NRPS;ladderane;PKS-like;T1PKS,3
T2PKS;PKS-like;T1PKS,3
NRPS;T1PKS;other,3
T2PKS;NRPS,3
terpene;ectoine,3
T1PKS;transAT-PKS,3
T1PKS;PKS-like;T2PKS;RRE-containing,3
redox-cofactor;RiPP-like,3
redox-cofactor;terpene,3
NRPS;NRPS-like;RRE-containing,3
T1PKS;lanthipeptide-class-i,3
T1PKS;other,3
T1PKS;siderophore,3
lanthipeptide-class-i;T1PKS;hglE-KS,3
ladderane;NRPS,3
transAT-PKS;NRPS;PKS-like;NRPS-like,3
RiPP-like;redox-cofactor,2
other;T1PKS;ladderane,2
other;oligosaccharide;T1PKS,2
other;NRPS,2
lanthipeptide-class-ii;proteusin,2
PKS-like;T1PKS;NRPS,2
PpyS-KS,2
lanthipeptide-class-ii;phenazine,2
lanthipeptide-class-v;redox-cofactor;lanthipeptide-class-ii;NRPS,2
T1PKS;NRPS-like;NRPS;siderophore,2
oligosaccharide;NAPAA,2
NRPS-like;NRPS;butyrolactone;ectoine,2
NRPS-like;NRPS;other,2
T1PKS;NRPS;phosphonate;NRPS-like,2
lanthipeptide-class-ii;NRPS,2
T1PKS;NRPS-like;betalactone,2
lassopeptide;cyclic-lactone-autoinducer,2
transAT-PKS;PKS-like;RiPP-like,2
thioamitides;proteusin,2
thiopeptide;LAP;other,2
PKS-like;T1PKS;amglyccycl,2
PKS-like;T2PKS;RRE-containing,2
thioamide-NRP;NRPS-like,2
RRE-containing;thiopeptide,2
RaS-RiPP,2
RiPP-like;PKS-like,2
RiPP-like;PpyS-KS,2
RiPP-like;RRE-containing,2
NRPS-like;RRE-containing;RiPP-like,2
linaridin;NRPS-like;NRPS,2
linaridin;NRPS-like;NRPS;ladderane,2
CDPS;ectoine,2
NAPAA;NRPS,2
arylpolyene;NRPS;T1PKS,2
transAT-PKS-like;NRPS-like,2
transAT-PKS;NRPS;PKS-like;T3PKS,2
NAPAA;furan,2
arylpolyene;T1PKS,2
NRPS;T1PKS;ectoine,2
NRPS;T1PKS;betalactone,2
lanthipeptide-class-iii;lanthipeptide-class-ii,2
T1PKS;NRPS;terpene,2
NRPS;transAT-PKS;terpene,2
NRPS;NRPS-like;T1PKS;phosphonate,2
NRPS;NRPS-like;T2PKS,2
NRPS;NRPS-like;RiPP-like,2
NRPS;NRPS-like;PKS-like,2
T1PKS;T2PKS,2
T1PKS;PKS-like;amglyccycl,2
T1PKS;PKS-like;NRPS;ladderane,2
T1PKS;NRPS;PUFA;hglE-KS,2
redox-cofactor;lanthipeptide-class-v;lanthipeptide-class-ii;NRPS,2
redox-cofactor;NRPS-like,2
T1PKS;hglE-KS;NRPS,2
T1PKS;hserlactone;NRPS-like;NRPS,2
T1PKS;redox-cofactor,2
ladderane;betalactone,2
ladderane;RRE-containing,2
T1PKS;NRPS-like;transAT-PKS-like;NRPS;PKS-like,2
ladderane;hserlactone;butyrolactone,2
ladderane;NRPS;NRPS-like,2
indole;terpene,2
indole;NRPS;T1PKS,2
siderophore;NRPS;T1PKS,2
T2PKS;PKS-like;RRE-containing;T1PKS,2
NRPS;siderophore;T1PKS;lipolanthine;lanthipeptide-class-iii,2
resorcinol;betalactone,2
NRPS;T1PKS;terpene,2
T2PKS;siderophore,2
T1PKS;terpene;hglE-KS,2
terpene;T1PKS;NRPS,2
pyrrolidine;indole;terpene,2
ranthipeptide;LAP;RiPP-like,2
NAPAA;redox-cofactor,2
NAPAA;siderophore,2
NAPAA;thioamide-NRP,2
ranthipeptide;lassopeptide,2
hglE-KS;terpene,2
hserlactone;betalactone,2
proteusin;thioamitides,2
NRPS;ladderane,2
NRPS-like;cyanobactin,2
NRPS-like;T1PKS;betalactone,2
T2PKS;RiPP-like,2
T2PKS;T1PKS,2
PKS-like;T3PKS,2
T2PKS;butyrolactone,2
NRPS-like;redox-cofactor,2
NRPS-like;lanthipeptide-class-iv;butyrolactone,2
T2PKS;other;phosphonate,2
hglE-KS;NRPS;NRPS-like;T1PKS,2
furan;lipolanthine,2
guanidinotides,2
epipeptide,2
T3PKS;PKS-like,2
cyclic-lactone-autoinducer;lassopeptide,2
butyrolactone;ectoine,2
butyrolactone;PKS-like,2
terpene;RRE-containing,2
terpene;LAP;RiPP-like,2
terpene;NRPS;NRPS-like,2
NRPS;ladderane;arylpolyene,2
NRPS;other,2
betalactone;resorcinol,2
NRPS;PKS-like;T1PKS,2
NRPS;T1PKS;PKS-like,2
hglE-KS;NRPS,2
NRPS-like;transAT-PKS-like,2
arylpolyene;resorcinol;terpene,2
betalactone;NRPS-like;terpene,2
arylpolyene;NRPS-like,2
terpene;lanthipeptide-class-iii,2
terpene;lanthipeptide-class-i;T1PKS;hglE-KS,2
acyl_amino_acids;thioamide-NRP,2
NRPS;arylpolyene;resorcinol,2
betalactone;NRPS;T1PKS,2
arylpolyene;ladderane;NRPS,2
betalactone;hserlactone,2
betalactone;butyrolactone,2
transAT-PKS-like;T1PKS,2
transAT-PKS-like;NRPS-like;T1PKS,2
NRPS;PKS-like;NRPS-like,2
NRPS-like;ladderane;arylpolyene;NRPS,2
T3PKS;redox-cofactor,2
transAT-PKS;PKS-like;T3PKS;NRPS,2
NRPS;NRPS-like;prodigiosin,2
transAT-PKS;NRPS;PKS-like;ectoine,2
NAPAA;microviridin,1
transAT-PKS-like;NRPS-like;T3PKS;PKS-like,1
transAT-PKS-like;NRPS;PKS-like;T3PKS,1
transAT-PKS-like;PKS-like;T3PKS,1
transAT-PKS;NRPS;NRPS-like,1
transAT-PKS;NRPS;NRPS-like;PKS-like,1
thiopeptide;ectoine,1
thiopeptide;thioamitides;LAP,1
transAT-PKS;PKS-like;T1PKS;NRPS,1
CDPS;T3PKS,1
thiopeptide;RRE-containing,1
thiopeptide;LAP;lanthipeptide-class-iv,1
thiopeptide;LAP;hserlactone,1
thiopeptide;LAP;ectoine,1
thiopeptide;LAP;butyrolactone,1
thioamitides;thiopeptide;LAP,1
thioamitides;betalactone,1
thioamitides;T3PKS,1
thioamide-NRP;ladderane,1
thioamide-NRP;NRPS;ladderane,1
NRPS;T1PKS;betalactone;hserlactone,1
NRPS;T1PKS;arylpolyene,1
NRPS;T1PKS;T3PKS,1
NRPS;T1PKS;T2PKS,1
NRPS-like;ranthipeptide,1
NRPS-like;lanthipeptide-class-i,1
T3PKS;terpene;NRPS,1
T3PKS;siderophore;RiPP-like,1
betalactone;redox-cofactor,1
betalactone;ranthipeptide,1
betalactone;arylpolyene,1
betalactone;T2PKS;siderophore,1
betalactone;T2PKS,1
betalactone;T1PKS;NRPS-like,1
betalactone;NRPS-like;T1PKS,1
amglyccycl;T1PKS;PKS-like,1
acyl_amino_acids;NRPS,1
T3PKS;transAT-PKS;T1PKS;NRPS,1
T3PKS;transAT-PKS;NRPS,1
T3PKS;thioamitides,1
T3PKS;betalactone;NRPS;T1PKS,1
T3PKS;acyl_amino_acids,1
T3PKS;RiPP-like;butyrolactone,1
T3PKS;PKS-like;transAT-PKS-like,1
T3PKS;PKS-like;transAT-PKS,1
T3PKS;PKS-like;T1PKS;terpene,1
T3PKS;NRPS;terpene,1
T3PKS;NRPS;T1PKS,1
ectoine;T1PKS;NRPS,1
ectoine;CDPS,1
cyclic-lactone-autoinducer;RRE-containing,1
cyclic-lactone-autoinducer;NRPS-like,1
butyrolactone;terpene,1
bottromycin,1
betalactone;terpene;other;ladderane,1
betalactone;siderophore,1
T2PKS;oligosaccharide;other,1
T2PKS;ladderane,1
T2PKS;hglE-KS;T1PKS;NRPS;lanthipeptide-class-i;lanthipeptide-class-ii,1
T2PKS;hglE-KS;T1PKS,1
T2PKS;butyrolactone;NRPS;other;T1PKS,1
T2PKS;T3PKS;terpene,1
hglE-KS;NRPS;T1PKS;NRPS-like,1
furan;lassopeptide,1
furan;butyrolactone,1
furan;betalactone;ladderane;butyrolactone,1
furan;NAPAA,1
ectoine;lanthipeptide-class-iii;RiPP-like,1
ectoine;hserlactone,1
ectoine;butyrolactone;NRPS;NRPS-like,1
T3PKS;hserlactone,1
T3PKS;hglE-KS,1
NRPS-like;cyanobactin;NRPS,1
NRPS-like;butyrolactone;RiPP-like,1
NRPS-like;betalactone;NRPS,1
NRPS-like;arylpolyene;terpene,1
NRPS-like;T3PKS;NRPS,1
NRPS-like;T1PKS;terpene,1
NRPS-like;T1PKS;NRPS;hserlactone,1
hglE-KS;T1PKS;betalactone,1
hglE-KS;T1PKS;PUFA,1
hglE-KS;T1PKS;NRPS,1
T2PKS;T3PKS,1
T2PKS;RRE-containing;T1PKS;PKS-like,1
T2PKS;PKS-like;ectoine,1
T3PKS;NRPS-like;T1PKS,1
T2PKS;thiopeptide;T1PKS;LAP;NRPS,1
T2PKS;phenazine,1
T1PKS;prodigiosin,1
T1PKS;other;oligosaccharide,1
T1PKS;other;butyrolactone,1
T1PKS;oligosaccharide;hglE-KS;other,1
T1PKS;oligosaccharide;NRPS-like,1
T1PKS;lassopeptide,1
T1PKS;butyrolactone;PKS-like;LAP,1
hserlactone;phosphonate,1
hserlactone;lassopeptide;RiPP-like,1
hserlactone;lanthipeptide-class-iii,1
hserlactone;ectoine,1
hserlactone;RRE-containing,1
hglE-KS;lassopeptide,1
hglE-KS;butyrolactone,1
hglE-KS;T3PKS,1
NRPS-like;ectoine,1
ladderane;T1PKS;other,1
ladderane;T1PKS;T3PKS,1
ladderane;T1PKS,1
ladderane;RRE-containing;NRPS-like;NRPS,1
ladderane;NRPS-like;NRPS;arylpolyene,1
indole;NRPS-like;lassopeptide;T3PKS;phenazine,1
indole;NRPS-like;lassopeptide;T3PKS;other;phenazine;terpene,1
indole;NRPS-like;NRPS;PKS-like,1
indole;NRPS-like,1
indole;NRPS,1
indole;NAPAA,1
T1PKS;arylpolyene,1
T1PKS;T2PKS;PKS-like,1
T1PKS;NRPS;thioamitides,1
T1PKS;NRPS;resorcinol,1
T1PKS;ranthipeptide,1
T1PKS;NRPS;acyl_amino_acids;NRPS-like;hserlactone,1
T1PKS;NRPS;T3PKS,1
T1PKS;NRPS;LAP,1
T1PKS;NRPS-like;transAT-PKS-like;NRPS,1
T1PKS;NRPS-like;transAT-PKS-like,1
T1PKS;NRPS-like;terpene,1
lanthipeptide-class-i;lanthipeptide-class-iv,1
lanthipeptide-class-i;T1PKS;NRPS-like;NRPS,1
lanthipeptide-class-i;NRPS;lanthipeptide-class-ii;terpene,1
lanthipeptide-class-i;NRPS;lanthipeptide-class-ii;hglE-KS,1
lanthipeptide-class-i;NRPS;lanthipeptide-class-ii,1
ladderane;other;terpene;betalactone,1
ladderane;hserlactone,1
ladderane;butyrolactone;hserlactone,1
ladderane;butyrolactone,1
ladderane;arylpolyene;butyrolactone;hserlactone,1
lanthipeptide-class-iv;terpene,1
lanthipeptide-class-iv;lanthipeptide-class-ii;T1PKS,1
lanthipeptide-class-iv;lanthipeptide-class-ii,1
lanthipeptide-class-iv;RiPP-like,1
lanthipeptide-class-iv;LAP,1
lanthipeptide-class-iii;terpene,1
lanthipeptide-class-iii;RRE-containing,1
lanthipeptide-class-ii;lanthipeptide-class-iii,1
lanthipeptide-class-ii;T1PKS,1
lanthipeptide-class-ii;RiPP-like,1
lanthipeptide-class-i;lassopeptide,1
T1PKS;NRPS;other,1
T1PKS;NRPS;lanthipeptide-class-iv,1
T1PKS;NRPS;lanthipeptide-class-ii;NRPS-like,1
T1PKS;NRPS;ectoine,1
T1PKS;NRPS;betalactone,1
T1PKS;NRPS-like;NRPS;T3PKS;other,1
T1PKS;NAPAA,1
T1PKS;NAGGN,1
RiPP-like;transAT-PKS;PKS-like,1
RiPP-like;other;phosphonate,1
RiPP-like;ectoine,1
lassopeptide;T3PKS,1
lassopeptide;T2PKS,1
lassopeptide;NRPS;hserlactone,1
lassopeptide;NRPS-like,1
lassopeptide;NAGGN;RiPP-like,1
lanthipeptide-class-v;RiPP-like,1
lanthipeptide-class-v;NRPS-like,1
lanthipeptide-class-v;NRPS,1
lanthipeptide-class-v;LAP,1
lanthipeptide-class-iv;thiopeptide;LAP,1
RiPP-like;arylpolyene,1
RiPP-like;NRPS-like;butyrolactone,1
RRE-containing;lassopeptide;hserlactone,1
RRE-containing;cyclic-lactone-autoinducer,1
NRPS-like;PKS-like;transAT-PKS;NRPS,1
NRPS-like;PKS-like,1
NRPS-like;NRPS;transAT-PKS,1
NRPS-like;NRPS;siderophore;PKS-like,1
NRPS-like;NRPS;lanthipeptide-class-v,1
lassopeptide;terpene,1
lassopeptide;lanthipeptide-class-ii,1
lassopeptide;ectoine,1
T1PKS;NRPS-like;prodigiosin,1
T1PKS;NRPS-like;lassopeptide,1
T1PKS;NRPS-like;aminocoumarin;NRPS;nucleoside,1
T1PKS;NRPS-like;T3PKS,1
PKS-like;arylpolyene,1
PKS-like;amglyccycl,1
NRPS;NRPS-like;linaridin,1
NRPS;NRPS-like;ladderane,1
NRPS;NRPS-like;cyanobactin,1
NRPS;NRPS-like;butyrolactone,1
oligosaccharide;RRE-containing,1
nucleoside;other;NAPAA,1
nucleoside;other,1
nucleoside;NRPS-like,1
melanin;terpene,1
melanin;NRPS,1
linaridin;terpene,1
linaridin;T1PKS;butyrolactone;other,1
NRPS-like;RiPP-like;RRE-containing,1
RiPP-like;betalactone,1
other;phenazine;terpene,1
other;T3PKS,1
other;T1PKS;terpene,1
other;NRPS;nucleoside,1
other;NRPS;NRPS-like,1
other;NRPS-like,1
oligosaccharide;terpene,1
oligosaccharide;T2PKS;NRPS,1
oligosaccharide;T1PKS;terpene,1
oligosaccharide;T1PKS;hglE-KS,1
oligosaccharide;T1PKS,1
RRE-containing;T2PKS,1
RRE-containing;NRPS;RiPP-like,1
RRE-containing;LAP;RiPP-like,1
PUFA,1
PKS-like;transAT-PKS,1
NRPS;LAP;RiPP-like,1
NRPS;LAP;NRPS-like,1
NRPS-like;transAT-PKS;PKS-like,1
PKS-like;T3PKS;transAT-PKS,1
PKS-like;T1PKS;oligosaccharide;thiopeptide;LAP,1
PKS-like;T1PKS;NRPS-like;transAT-PKS-like;NRPS,1
prodigiosin,1
phosphonate;lanthipeptide-class-ii,1
phosphonate;NRPS-like,1
phosphoglycolipid,1
phenazine;ladderane;NRPS,1
phenazine;hserlactone,1
phenazine;PKS-like;butyrolactone,1
other;transAT-PKS;NRPS;T1PKS;PKS-like,1
other;thiopeptide;LAP,1
other;phosphonate,1
NRPS-like;NRPS;RiPP-like,1
NRPS-like;NRPS;RRE-containing;lassopeptide,1
NRPS-like;NRPS;PKS-like,1
NRPS-like;NRPS;NAPAA,1
NRPS-like;NRPS;LAP;thiopeptide,1
ranthipeptide;lanthipeptide-class-ii,1
proteusin;lanthipeptide-class-ii,1
prodigiosin;NRPS-like;NRPS,1
PKS-like;NRPS;T1PKS;NRPS-like,1
PKS-like;NRPS;NRPS-like;siderophore,1
PKS-like;LAP;butyrolactone;T1PKS,1
PKS-like;LAP,1
NRPS;transAT-PKS;T3PKS,1
NRPS;transAT-PKS;T1PKS,1
NRPS;transAT-PKS;PKS-like,1
NRPS;NRPS-like;T1PKS;hserlactone,1
NRPS;thioamitides;RRE-containing,1
NRPS;thioamide-NRP,1
NRPS;terpene;siderophore,1
NRPS;redox-cofactor,1
NRPS;prodigiosin,1
NRPS;phosphonate,1
NRPS;other;phosphonate,1
resorcinol;arylpolyene;betalactone,1
resorcinol;arylpolyene;NRPS,1
resorcinol;RiPP-like,1
redox-cofactor;hserlactone,1
redox-cofactor;T1PKS,1
redox-cofactor;NRPS,1
NRPS-like;NRPS;T1PKS;lanthipeptide-class-ii,1
NRPS-like;NRPS;T1PKS;betalactone;RiPP-like,1
NRPS-like;NRPS;T1PKS;LAP,1
NRPS;melanin,1
NRPS;lanthipeptide-class-v;lanthipeptide-class-ii;redox-cofactor,1
NRPS;ectoine;T1PKS,1
siderophore;T2PKS;betalactone,1
siderophore;T1PKS;NRPS-like;lanthipeptide-class-iii;RiPP-like,1
siderophore;T1PKS;NRPS-like,1
siderophore;NRPS;NRPS-like,1
siderophore;NRPS-like,1
siderophore;CDPS,1
sactipeptide;ranthipeptide,1
resorcinol;siderophore,1
resorcinol;ranthipeptide;NRPS,1
resorcinol;indole,1
resorcinol;arylpolyene;terpene,1
NRPS;transAT-PKS-like;T3PKS;PKS-like,1
NRPS;transAT-PKS-like;NRPS-like;T1PKS,1
NRPS;T2PKS,1
NRPS;T1PKS;thioamitides,1
NRPS;T1PKS;siderophore,1
NRPS;T1PKS;phosphonate;NRPS-like,1
NRPS;T1PKS;lanthipeptide-class-i;amglyccycl,1
NRPS;T1PKS;ladderane,1
terpene;T2PKS,1
terpene;T1PKS,1
terpene;NRPS;lanthipeptide-class-ii,1
terpene;NRPS;betalactone,1
terpene;NRPS;T1PKS,1
terpene;NRPS,1
siderophore;thioamide-NRP,1
NRPS;other;lanthipeptide-class-i,1
NRPS;other;T1PKS,1
NRPS;oligosaccharide;terpene,1
NRPS;T1PKS;LAP,1
NRPS;RiPP-like;T1PKS,1
NRPS;PUFA;hglE-KS,1
terpene;transAT-PKS;T1PKS,1
terpene;redox-cofactor,1
terpene;pyrrolidine;indole,1
terpene;oligosaccharide;T1PKS,1
terpene;melanin,1
terpene;linaridin,1
terpene;lanthipeptide-class-ii,1
terpene;indole,1
terpene;furan,1
NRPS;betalactone;indole,1
NRPS;betalactone;T1PKS,1
NRPS;acyl_amino_acids,1
NRPS;T3PKS;NRPS-like,1
LAP;thiopeptide;NRPS,1
transAT-PKS;NRPS;T1PKS;PKS-like,1
LAP;siderophore,1
LAP;RiPP-like;terpene,1
LAP;RiPP-like;NRPS,1
LAP;NRPS;T1PKS,1
LAP;NRPS-like;PKS-like,1
LAP;NRPS,1
CDPS;NRPS,1
tropodithietic-acid,1
transAT-PKS;terpene,1
transAT-PKS;T1PKS;NRPS;PKS-like,1
transAT-PKS;T1PKS;NRPS,1
transAT-PKS;T1PKS,1
transAT-PKS;RRE-containing,1
transAT-PKS;PKS-like;hserlactone,1
T3PKS;terpene;other,1
T3PKS;terpene;T2PKS,1
NRPS-like;transAT-PKS;NRPS;PKS-like,1
NRPS-like;transAT-PKS;NRPS,1
arylpolyene;other;NRPS-like;T1PKS;butyrolactone,1
arylpolyene;lipolanthine;lanthipeptide-class-iii,1
arylpolyene;hserlactone,1
arylpolyene;T2PKS,1
arylpolyene;T1PKS;PKS-like,1
arylpolyene;RRE-containing,1
arylpolyene;PUFA;hglE-KS,1
arylpolyene;NRPS;lanthipeptide-class-i;lanthipeptide-class-ii,1
arylpolyene;NRPS;NRPS-like,1
CDPS;arylpolyene,1
NAPAA;NRPS;NRPS-like,1
LAP;thiopeptide;lanthipeptide-class-ii,1
